PassengerId,Survived,Pclass,Name,Sex,Age,SibSp,Parch,Fare,Embarked
1,0,2,"Walsh, Mr. James",male,47.0,3,0,32.33,S
2,0,3,"Johnson, Mr. Thomas",male,25.3,1,0,5.62,S
3,0,3,"Wilson, Mr. Thomas",male,,1,0,8.84,S
4,1,3,"Murphy, Miss. Alice",female,21.3,0,0,7.56,S
5,1,1,"Miller, Mr. John",male,,0,0,93.86,S
6,0,1,"Walsh, Mr. George",male,36.2,1,0,51.52,S
7,0,1,"Johnson, Mr. Henry",male,39.4,2,1,54.82,Q
8,0,3,"Kelly, Miss. Kate",female,32.1,0,0,3.89,S
9,0,3,"Davis, Mr. Thomas",male,15.2,0,0,14.88,C
10,0,3,"Davis, Mr. James",male,,0,0,17.02,S
11,1,1,"Brown, Mr. James",male,23.9,1,0,53.58,S
12,1,3,"Williams, Mrs. Ellen",female,10.4,0,0,4.2,S
13,0,3,"Murphy, Mrs. Elizabeth",female,38.9,0,1,10.5,Q
14,0,1,"O'Brien, Mr. Charles",male,49.1,0,1,150.0,S
15,1,1,"Murphy, Miss. Mary",female,46.7,0,1,165.85,C
16,0,1,"Smith, Mr. George",male,46.8,0,0,52.28,C
17,1,2,"Miller, Mr. James",male,29.8,0,0,14.58,S
18,1,3,"Williams, Miss. Margaret",female,14.2,0,0,8.25,S
19,1,2,"O'Brien, Mr. Charles",male,31.0,0,0,22.76,S
20,0,2,"Miller, Mrs. Ellen",female,21.2,0,2,16.72,S
21,0,3,"Murphy, Mrs. Florence",female,36.7,0,0,3.34,C
22,0,1,"Taylor, Mr. Charles",male,35.9,0,0,72.07,C
23,0,2,"Jones, Mr. John",male,19.3,0,0,47.61,S
24,0,2,"Williams, Mr. James",male,25.8,0,0,13.35,S
25,0,3,"Anderson, Mr. George",male,30.0,0,0,7.89,C
26,0,3,"Johnson, Mr. John",male,18.2,0,0,30.08,S
27,1,1,"O'Brien, Mrs. Alice",female,26.5,0,0,54.82,C
28,0,3,"Ryan, Mr. Thomas",male,27.9,4,2,10.84,S
29,1,3,"Kelly, Miss. Florence",female,27.9,0,1,21.47,S
30,0,1,"O'Brien, Mr. James",male,30.9,1,0,98.36,S
31,0,3,"Johnson, Mrs. Alice",female,,0,0,14.19,S
32,0,1,"Anderson, Mr. William",male,41.2,1,0,109.46,S
33,0,1,"Ryan, Mr. William",male,17.7,1,0,94.53,S
34,0,3,"Johnson, Mr. John",male,8.1,0,0,16.65,S
35,0,3,"Kelly, Mr. George",male,16.4,0,0,10.61,C
36,1,3,"Jones, Miss. Kate",female,22.4,0,0,5.84,C
37,0,2,"Jones, Mr. James",male,34.0,0,0,20.39,S
38,0,1,"Jones, Mr. John",male,58.7,2,0,88.38,S
39,0,3,"Miller, Mr. Henry",male,35.3,1,0,4.83,S
40,0,2,"Williams, Mr. John",male,27.9,3,2,20.94,S
41,1,1,"Davis, Mrs. Florence",female,37.7,0,1,75.13,S
42,1,3,"Johnson, Mrs. Anna",female,13.0,1,0,10.59,S
43,1,1,"Taylor, Miss. Kate",female,37.7,2,2,191.29,S
44,0,3,"Taylor, Mr. Thomas",male,21.5,0,0,8.04,S
45,0,2,"Ryan, Mr. Thomas",male,34.2,0,2,43.13,S
46,1,3,"Murphy, Miss. Margaret",female,15.1,1,1,10.32,S
47,0,2,"Walsh, Mr. James",male,36.8,0,0,20.88,Q
48,1,3,"Wilson, Mrs. Margaret",female,43.4,1,0,4.62,S
49,1,3,"Jones, Miss. Margaret",female,23.7,0,0,7.72,S
50,1,1,"Murphy, Miss. Kate",female,43.6,1,0,78.54,S
51,0,3,"Miller, Mr. Thomas",male,33.3,0,0,3.67,S
52,0,3,"Davis, Mr. Henry",male,20.2,0,0,4.18,S
53,0,3,"Davis, Miss. Elizabeth",female,27.7,0,0,8.81,S
54,0,3,"Wilson, Mr. Thomas",male,25.2,1,1,18.46,Q
55,0,3,"Miller, Mr. John",male,26.2,1,3,6.33,S
56,0,3,"Anderson, Mr. Charles",male,15.7,0,0,1.64,S
57,1,1,"Kelly, Miss. Mary",female,38.3,0,0,17.24,C
58,1,1,"Taylor, Mrs. Margaret",female,45.0,2,0,40.76,S
59,1,1,"Wilson, Mr. Henry",male,58.3,0,0,103.94,S
60,0,2,"Williams, Mr. William",male,,1,2,7.52,S
61,0,2,"Anderson, Mr. John",male,58.0,0,0,30.52,S
62,0,2,"Taylor, Mrs. Elizabeth",female,20.0,0,0,27.13,C
63,1,3,"Brown, Mr. Henry",male,35.5,0,0,6.17,S
64,0,2,"O'Brien, Mr. James",male,32.4,0,0,11.82,S
65,0,2,"Miller, Mrs. Ellen",female,58.5,1,0,16.04,S
66,0,3,"Brown, Miss. Ellen",female,15.3,0,1,8.65,S
67,1,1,"O'Brien, Miss. Kate",female,26.2,0,0,35.09,S
68,1,3,"Walsh, Miss. Kate",female,17.8,2,0,17.25,S
69,1,1,"Jones, Mr. Charles",male,8.3,0,0,87.26,S
70,0,3,"Anderson, Mr. John",male,18.7,0,2,9.31,C
71,0,3,"Wilson, Miss. Margaret",female,15.9,2,2,10.57,S
72,1,1,"Taylor, Mrs. Florence",female,40.1,1,0,136.92,S
73,0,1,"Jones, Miss. Anna",female,42.8,0,0,81.12,C
74,1,3,"Johnson, Mrs. Alice",female,,2,0,11.04,S
75,0,3,"Jones, Mr. John",male,,1,0,3.75,S
76,0,3,"Smith, Mr. Frank",male,18.1,0,2,20.96,S
77,0,3,"Johnson, Mrs. Elizabeth",female,14.2,0,0,7.35,S
78,1,1,"Murphy, Mr. George",male,44.9,1,0,50.22,S
79,0,2,"Kelly, Mrs. Mary",female,12.8,1,0,14.02,Q
80,0,1,"Brown, Mrs. Mary",female,63.6,0,0,22.16,S
81,1,3,"Walsh, Miss. Margaret",female,39.2,2,0,4.59,S
82,0,3,"Davis, Mr. James",male,19.4,1,1,0.35,C
83,0,2,"Davis, Mr. Thomas",male,7.7,0,0,29.17,S
84,0,1,"Smith, Mr. James",male,57.0,0,0,90.86,S
85,0,2,"Kelly, Mr. Frank",male,28.5,0,0,9.65,S
86,0,2,"Brown, Mr. George",male,46.1,1,0,18.13,Q
87,0,3,"Anderson, Mr. Henry",male,5.9,0,0,6.65,S
88,0,3,"Taylor, Mr. William",male,17.8,0,0,2.3,
89,0,3,"Miller, Mr. Charles",male,25.1,1,1,5.59,S
90,1,3,"Smith, Mr. James",male,,2,0,6.81,S
91,1,1,"Miller, Mr. John",male,31.7,0,0,64.27,S
92,0,3,"Miller, Mr. Thomas",male,32.5,1,0,3.73,S
93,1,3,"Smith, Miss. Anna",female,,0,0,2.72,C
94,0,3,"Jones, Mr. George",male,23.3,1,2,5.32,S
95,0,3,"Miller, Mr. John",male,26.4,0,1,4.13,S
96,0,3,"Taylor, Mr. Frank",male,31.2,0,0,10.08,C
97,1,3,"Anderson, Miss. Anna",female,33.5,1,0,16.82,Q
98,0,2,"Johnson, Mr. Frank",male,15.4,0,0,31.36,S
99,0,1,"Davis, Mr. George",male,16.5,0,0,75.64,S
100,0,1,"Murphy, Mr. Thomas",male,55.9,1,0,51.24,S
101,1,1,"Walsh, Mr. Frank",male,42.7,1,0,113.24,Q
102,0,3,"Miller, Mr. Frank",male,16.0,1,0,10.51,Q
103,0,2,"O'Brien, Mr. Henry",male,50.2,1,0,38.14,
104,0,3,"Johnson, Mr. John",male,26.4,0,1,7.74,C
105,0,3,"Johnson, Mrs. Kate",female,39.2,0,0,20.25,S
106,1,2,"Davis, Mrs. Mary",female,30.9,0,0,21.02,S
107,1,2,"Anderson, Mr. Henry",male,56.8,0,1,12.17,S
108,0,3,"Williams, Mr. Charles",male,46.1,2,0,4.47,C
109,1,1,"Williams, Miss. Florence",female,34.5,0,1,95.23,S
110,0,1,"Wilson, Mr. Charles",male,51.6,0,0,53.48,C
111,1,2,"Jones, Mr. Frank",male,38.4,0,0,46.2,C
112,0,1,"Miller, Mr. Charles",male,57.2,2,1,91.34,S
113,0,3,"Murphy, Mr. Henry",male,13.4,0,1,6.86,S
114,1,3,"O'Brien, Mrs. Florence",female,33.2,0,1,7.31,S
115,1,3,"Wilson, Miss. Mary",female,37.7,0,0,5.42,S
116,0,3,"Anderson, Mrs. Margaret",female,3.9,0,0,1.23,S
117,1,3,"Brown, Mr. Charles",male,10.8,0,0,4.47,S
118,0,1,"Wilson, Mr. James",male,9.5,2,0,151.64,Q
119,0,3,"Johnson, Mr. Thomas",male,21.8,2,2,7.89,S
120,0,3,"Murphy, Mr. Frank",male,33.6,0,0,13.67,S
121,0,3,"Anderson, Mr. James",male,43.0,1,2,13.93,S
122,1,3,"Johnson, Miss. Margaret",female,,2,0,6.47,S
123,1,2,"Williams, Mrs. Ellen",female,51.2,1,0,27.16,S
124,0,1,"O'Brien, Mr. James",male,18.7,0,0,28.01,S
125,1,1,"O'Brien, Mrs. Anna",female,14.2,0,2,145.66,Q
126,1,2,"Johnson, Mrs. Alice",female,29.3,0,1,39.3,S
127,1,3,"Murphy, Mr. Frank",male,29.6,0,1,9.56,Q
128,0,3,"Wilson, Mr. John",male,24.6,1,0,8.11,C
129,0,1,"Murphy, Mr. Frank",male,9.1,2,1,72.36,S
130,0,3,"Taylor, Mr. Henry",male,,2,1,14.74,Q
131,0,2,"Jones, Mr. Henry",male,13.0,0,0,28.95,S
132,0,1,"Wilson, Mrs. Alice",female,47.4,0,0,9.4,C
133,1,1,"Walsh, Mr. James",male,43.1,4,0,60.31,S
134,0,2,"Ryan, Mr. Charles",male,17.8,1,3,8.57,C
135,0,3,"Brown, Mr. Frank",male,18.8,0,2,1.97,C
136,0,2,"Murphy, Mr. John",male,16.2,2,0,35.33,C
137,1,3,"Miller, Miss. Margaret",female,24.2,1,1,6.43,C
138,0,3,"Davis, Miss. Anna",female,36.5,0,2,9.45,S
139,0,2,"Kelly, Mr. William",male,17.2,0,0,19.56,S
140,0,3,"O'Brien, Mr. William",male,,0,0,1.99,S
141,0,3,"O'Brien, Mr. John",male,18.6,0,2,1.43,S
142,0,2,"Miller, Mr. Frank",male,19.7,0,0,14.19,S
143,0,3,"Murphy, Mr. James",male,,1,1,5.02,S
144,1,2,"Davis, Mr. James",male,16.5,0,0,14.95,Q
145,0,2,"Wilson, Mr. Frank",male,22.8,0,2,15.23,S
146,1,1,"Murphy, Mr. George",male,21.2,0,3,185.08,C
147,0,3,"O'Brien, Mr. Frank",male,48.6,0,2,13.53,S
148,0,3,"Williams, Mr. George",male,25.4,2,0,7.98,C
149,0,1,"Miller, Mr. Thomas",male,28.2,0,2,70.63,Q
150,0,2,"Miller, Mr. Thomas",male,32.8,0,1,18.24,S
151,0,3,"Taylor, Mr. William",male,23.7,1,0,11.21,S
152,0,1,"O'Brien, Miss. Margaret",female,34.9,0,1,70.29,C
153,1,1,"Smith, Mrs. Ellen",female,46.6,0,0,114.32,S
154,0,3,"Davis, Mr. George",male,34.1,0,0,8.62,S
155,0,3,"Jones, Mr. George",male,18.6,0,0,24.31,S
156,0,2,"Kelly, Mr. Thomas",male,22.5,0,0,17.12,S
157,0,3,"Williams, Mr. John",male,21.7,0,0,14.18,S
158,0,3,"Miller, Mr. Henry",male,0.5,0,1,2.61,S
159,1,1,"Walsh, Mrs. Anna",female,16.8,2,0,51.94,S
160,0,3,"O'Brien, Mr. Charles",male,41.4,0,1,22.24,S
161,0,2,"Taylor, Mr. George",male,51.4,0,0,30.48,Q
162,0,3,"Smith, Mr. William",male,22.0,1,0,9.57,S
163,0,3,"Taylor, Mr. Henry",male,31.9,0,0,28.37,Q
164,0,3,"Brown, Mr. Henry",male,28.7,1,1,6.37,S
165,0,1,"Ryan, Miss. Anna",female,80.0,0,0,124.34,S
166,0,3,"Johnson, Mr. George",male,38.4,3,0,14.87,S
167,1,2,"Murphy, Mrs. Alice",female,28.3,0,2,44.26,S
168,1,1,"Williams, Miss. Mary",female,24.6,0,0,37.61,S
169,1,1,"Miller, Mr. John",male,15.5,0,0,70.9,S
170,0,3,"Murphy, Mr. William",male,27.4,4,0,8.51,S
171,0,3,"Taylor, Mr. Henry",male,15.9,0,2,18.95,S
172,0,1,"Brown, Mr. William",male,18.1,0,0,92.11,S
173,0,3,"Murphy, Mr. Charles",male,17.2,0,2,14.89,S
174,0,1,"Taylor, Mrs. Margaret",female,22.9,1,0,35.65,S
175,1,3,"Brown, Mr. Frank",male,45.2,0,2,5.25,C
176,0,1,"Johnson, Mr. Thomas",male,50.3,2,1,139.64,S
177,0,3,"Murphy, Miss. Margaret",female,24.9,0,3,5.81,S
178,0,2,"Jones, Mr. John",male,49.2,0,0,18.85,Q
179,1,3,"Wilson, Miss. Margaret",female,25.9,0,1,18.76,S
180,0,1,"Smith, Mr. Thomas",male,25.9,0,0,45.44,S
181,0,2,"Johnson, Mr. George",male,49.8,0,0,12.27,Q
182,1,1,"Brown, Mrs. Margaret",female,45.5,0,0,33.44,S
183,0,3,"Walsh, Mr. William",male,12.6,1,2,19.25,S
184,0,3,"Anderson, Mrs. Anna",female,22.7,0,3,13.36,S
185,1,2,"Davis, Miss. Mary",female,,0,1,32.29,S
186,1,3,"Miller, Mrs. Kate",female,8.4,0,0,5.13,S
187,0,3,"Murphy, Mr. George",male,36.1,0,0,1.76,S
188,0,3,"Ryan, Mr. William",male,47.9,0,1,1.27,S
189,0,3,"O'Brien, Mrs. Ellen",female,8.2,0,0,16.67,S
190,0,2,"Williams, Mrs. Mary",female,37.3,0,0,25.88,Q
191,1,1,"Brown, Miss. Kate",female,28.9,1,0,106.41,C
192,0,3,"Wilson, Mr. William",male,19.2,2,0,8.23,S
193,0,3,"Murphy, Mr. Frank",male,17.9,0,0,3.48,S
194,0,3,"Davis, Miss. Ellen",female,14.6,0,0,5.32,S
195,0,2,"Williams, Mr. James",male,30.6,1,0,9.49,S
196,1,2,"Smith, Miss. Margaret",female,19.2,0,0,8.68,S
197,1,3,"Davis, Miss. Ellen",female,28.2,0,3,12.62,S
198,0,3,"Johnson, Mr. Charles",male,24.4,0,0,1.4,C
199,0,3,"Anderson, Mrs. Margaret",female,22.1,1,0,2.77,S
200,1,3,"Miller, Mrs. Ellen",female,,1,0,5.57,S
